"Dealer Name","Contact Person","Address","City","State","Contact 1","Contact 2","Email"
"Auto World","Mr. Sourabh Gandhi","# 116-B Jawahar Lal Nehru Marg Opp. Capital Cinema Ambala Cantt 133001","Ambala","Haryana","","",""
"Harmilap Honda","Mr. Vinay Kumar","Near Bus Stand, Barara 133201","Ambala","Haryana","","9896880226","harmilaphondabarara@gmail.com"
"Milan Honda","Kuldeep Saini","Milan Saini Automobile, Near Rd Farm, Vpo- Tepla, Saha 133104","Ambala","Haryana","","9034275684","sainikuldeep1982@gmail.com"
"Samrithi Honda","Ashwani Kalra","Ambala Chandigarh Highway NH 22, Khasra No. 58/2/3/2 Suba Akbarpur, Baldev Nagar, Ambala City 134007","Ambala","Haryana","","9215000000","samrithihonda@gmail.com"
"Sd Honda","Mr. Sanjeev Swami","Govt.Polytechnic Chowk, Civil Hospital Road, Ambala City. 134003","Ambala","Haryana","","9315427672, 9992827777","honda_sd@rediffmail.com"
"Sd Honda","Sanjeev Swami","Kala Amb Road, Near Maruti Showroom, Naraingarh 134203","Ambala","Haryana","","9315427672","trading_sd@rediffmail.com"
"Shri Balaji Honda","Mr. Jitender Saini","Opp.Dawat Resturant,&Nbsp; Near Ashirwad Banquate Hall, Delhi - Rohtak Road 124507","Bahadurgarh","Haryana","","9896297567","jitender_saini2005@yahoo.co.in"
"Asr Honda","Sumit Kumar","Hansi Road, Bhawani Khera 127032","Bhiwani","Haryana","","9812765056","asrautomotives@gmail.com"
"Mrm Honda","Mr. H S Mandiwal","Meham Road,Vidya Nagar 127021","Bhiwani","Haryana","01664-210147","9416525345","mrmautos_bhiwani@rediffmail.com"
"Mrm Honda","Kirsan Sivad","Loharu Road , Charkhi Dadri 127306","Bhiwani","Haryana","","9992888914","mrmautos_chdadri@rediffmail.com"
"Rounak Honda","Mr. Pavan Kumar","Bhiwani Road, Opp. Herbal Park 127040","Bhiwani","Haryana","","9992016014","Rounakhonda@gmail.com"
"Devansh Honda","Mr. Sanjay Kumar","Near Sethi Service Station, Opp. Tehsil Complex,Choutala Road 125104","Dabwali","Haryana","","9416055999","devanshhonda@gmail.com"
"Faridabad Honda","Mr. Gaurav Arora","5L/163 , Nit Faridabad , Haryana 121001","Faridabad","Haryana","","9953547023",""
"Joy Honda","Mr. Mukul Grover","14/3, Ground Floor, Main Mathura Road, Opposite Mewala Maharajpur Metro Station 121003","Faridabad","Haryana","","9971110369","MUKULGROVER@JOYHONDA.CO.IN"
"Kabir Honda","Mr. Malik Automobile Admin","21/4, Main Mathura Road 121004","Faridabad","Haryana","","","sales@kabirhonda.com"
"Kabir Honda","Nitin Malik","Plot 24-25, Ballabhgarh Sohna Road, Sanjay Colony, Sec-23, Balabhgarh, Faridabad 121004","Faridabad","Haryana","","9312655454","kabirhondasohnaroad@gmail.com"
"Pick-Up Honda","Mr. Sanjay Bajaj","Plot No-20,Neelam Bata Road,Nit,Faridabad 121001","Faridabad","Haryana","0129-4009000","9873622000","pickuphonda@gmail.com"
"Regent Honda","Mr. Madan Lal","Plot No.12 A, Sector-15 A, Ajronda Chowk, Main Mathura Road, Faridabad 121001","Faridabad","Haryana","0129-4006142","9899913146, 9899078793","regenthonda@yahoo.com"
"Bharat Honda","Ashok Jindal","Bharat Auto, Chandigarh Road, Near Obc Bank, Tohana 125120","Fatehabad","Haryana","","9416161347","ashokjindal09@gmail.com"
"Deo Astha Honda","Hemant Choudhary","Fatehabad  Road, Opp. Garg Petrol Pump, Ratia, Dist: Fatehabad, Haryana 125051","Fatehabad","Haryana","","9466410724/9467421221","avnihonda@gmail.com"
"Manjhu Honda","Mr. Ashish Manjhu","Near Ch. Maniram & Bros Petrol Pump,  Gt Sirsa Road 125050","Fatehabad","Haryana","01667-223599","8930210999","manjhuhonda@gmail.com"
"Shirin Honda","","Ward No.16,Hissa Khewat 131301","Gohana","Haryana","","",""
"Bigswing Honda","Mr. Vikas Goel","Vll.Islampur Near Subhash Chowk,Sohna Road 122001","Gurugram","Haryana","","9773548833","vikas@resourcesquare.com"
"Ganpati Honda","Himanshu","Nh 8, Near Power House, Manesar 122050","Gurugram","Haryana","","9910894239","amittaneja@hotmail.com"
"Ganpati Honda","Vijay","Opp. C-2 Block, Palam Vihar , Gurgoan 122017","Gurugram","Haryana","","9910894234","amittaneja@hotmail.com"
"Ganpati Honda","Amit Aasthana","Opp. Miawali Gate, New Railway Road, Gurgaon 122006","Gurugram","Haryana","","9910894234","amittaneja@hotmail.com"
"Ganpati Honda","Mr. Amit Taneja","Old Dlf Colony,Niit Road,Sector-14,Gurugram,Haryana 122001","Gurugram","Haryana","","9810019639","sales@ganpatihonda.com"
"Malwa Gurugram Honda","Mr. Dilip Bhatt, Mr. Mukesh","Plot No. 1 Gali No. 1, Ravi Nagar, Basai Road 122006","Gurugram","Haryana","0124-2222501, 2222502","7827041254 / 7827041258","infohonda.ggn@malwagroups.com"
"Yume Honda","Deepak Parashar/Surjit Singh Sachdeva","Opp Allahabad Bank,Railway Road,Gurgaon 122001","Gurugram","Haryana","","9818650011/9560967700","deepak.parashar@yumehonda.com"
"Yume Honda","Maninder Ji","Yume Honda, Near Subzi Mandi, Tauru Road, Pataudi 8222502","Gurugram","Haryana","","8222840011","info@yumehonda.com"
"Yume Honda","Mr. Surjeet Sachdeva","42 - 43, Opp. Maruti Gate No-2, Old Delhi Road, Gurugram 122001","Gurugram","Haryana","","9560967700","surjeet.sachdeva@yumehonda.com"
"Choudhary Honda","Sandeep Saini","Near Bhai Ji Hotel GT Road Hansi   125033","Hansi","Haryana","9996637008","9896957999","choudharyhondahansi@gmail.com"
"Ashwani Honda","Mr. Rajan Mittal","Plot No-8-9,Santro Enclave,Near Sheesh Mahal,Delhi Road ,Hisar 125001","Hissar","Haryana","01662-222999","9992220140 , 9992220141","ashwanihonda@gmail.com"
"Malik Autos Honda","Praveen Yadav","Tayal Garden Barwala Road Hisar, Haryana   125001","Hissar","Haryana","","9896648808","malikautoshisar@gmail.com"
"S S Honda","Sahil Bathla","Bhuna Narwana Road, Near Bus Stand, Uklana Mandi- Hisar 125113","Hissar","Haryana","","9416084086","sahilbathla006@gmail.com"
"Smart Honda","Madan Ji","Hansi Road, Near Mrf Showroom, Barwala 322702","Hissar","Haryana","","9996260077","sales.smarthonda@gmail.com"
"Bansal Honda","Mr. Naveen Bansal","Near Punjab National Bank, Chahurali Road, Bilaspur Yamunanagar 135102","Jagadhri","Haryana","","9050403180","bansalhondabilaspur@gmail.com"
"Shiv Shankar Honda","Mr. Ajay Tyagi","Near Obc Bank, Ambala Road 135003","Jagadhri","Haryana","","9355320111","sstchonda2012@yahoo.com"
"Shri Shyam Honda","Mr. Basant Kumar","Near Bhagat Singh Chowk ,Dadri Road , Jhajjar 124103","Jhajjar","Haryana","01251-252655, 56, 8607200651, 52, 53, 54, 55","9953867672","shrishyamhonda1@gmail.com"
"Shri Shyam Honda","Sanjay Baliyan","M.No 155,Kila no 8/2 Ground Floor.Dhod Road,Jhajjar,Haryana 124103","Jhajjar","Haryana","","9582114647","shrishyamhonda1@gmail.com"
"S J Jind Honda","Priyawart","Bhanu Pratap Complex, Nh-71, Jind, Rothak Road, Julana 126101","Jind","Haryana","","9050001102","rphondajulana@gmail.com"
"S.J.Jind Honda","Mr. Aman Jain","Safidon Road Opp.Manav Kalyan Ashram Near Utsav Hotel Jind 126102","Jind","Haryana","01681-246008","8571825007","sjjindhonda07@gmail.com"
"Sai Honda","Kanhai Bandhu","Opp. Govt. Pg College, Jind Road, Safidon,Jind 126112","Jind","Haryana","","9215508548","saiautomobiles002@outlook.com"
"Kaithal Honda","Karan Jaitley","Ambala Road 136027","Kaithal","Haryana","01746-223753","9813109119","kaithalhonda52@gmail.com"
"Kaithal Honda","Ravi Jaitley","Kaithal Road, Cheeka 136035","Kaithal","Haryana","","9813109119","kaithalhonda52@gmail.com"
"Lakhanpal Honda","Mr. Sumit Lakhanpal","Kaithal Road, Pundri 136026","Kaithal","Haryana","","9896484805","lakhanpalhonda@gmail.com"
"Ess Kay Honda","Mr. Bhanu Khetarpal","A-91,Opp.Khalsa College,Railway Road,Karnal 132001","Karnal","Haryana","0184 - 2254051, 2254052","9992822555, 9992822666","sales@esskaymotors.com, service@esskaymotors.com"
"Ess Kay Honda","Gaurav Sharma","G.T.Road, Gharunddha 132114","Karnal","Haryana","","9812136979","sales@esskaymotors.com"
"Ess Kay Honda","Om Prakash Gulati","Karnal Road, Indri 132041","Karnal","Haryana","","8607079966","sales@esskaymotors.com"
"Rahul Karnal Honda","Rahul Rao","Rahul Karnal Honda, Shop No. 351-352 ,Sabzi Mandi Saunkra Road, Taraori , Karnal 132001","Karnal","Haryana","","9671166682","rahultaraorihonda@gmail.com"
"Rahul Karnal Honda","Mr. Kartik Rao","118-119 Milestone, Nh-1, G.T.Road, Karnal, Haryana 132001","Karnal","Haryana","","9050500001","rahulkarnalhonda@gmail.com"
"Rahul Karnal Honda","Rahul Rao","Jind Road, Assandh 132039","Karnal","Haryana","","9671118922","rahulhondaassandh@gmail.com"
"Royal Motors","Mr. Jagdish Sardana","Opp. Goel Filling Station, Karnal Road, Nissing 132024","Karnal","Haryana","","9416031494","sardana9999@gmail.com"
"Ashirwad Honda","Amit","Near Kanya Mahavidyalya, Rohtak Road, Kharkhoda 131402","Kharkhoda","Haryana","0130-2585200","9813019227","ashirwadhonda@gmail.com"
"Arsh Honda","Mr. Mansi Chaudhary","Kdb Road,Kurukshetra 136118","Kurukshetra","Haryana","","9876580596","arshhonda@gmail.com"
"Chirag Automobiles","Surendra Gupta","Kaithal Road, Pehowa 136128","Kurukshetra","Haryana","","9416037911","siddharth_gupta22203@yahoo.com"
"Basant Honda","Mr Navin Kumar","Basant Auto Service,Gt Road ,Shahbad 136135","Kurukshetra","Haryana","","9416155053","basant.auto@gmail.com"
"Singla Honda","Mr. Vinod Singla","Opp New Bus Stand ,Pipli Road 136118","Kurukshetra","Haryana","01744-222611","9467766711","singlamotorskkr@hotmail.com"
"Swastik Honda","Mr. Rohit Gupta","Shop No. 10, S.K.Road, Ladwa, Kurukshetra 136132","Ladwa","Haryana","","9896603295","swastikhonda.ladwa@gmail.com"
"White Feather Automobiles","Kamal Yadav","Dadri Road, Mahendragarh 123029","Narnaul","Haryana","","9996047100","tapeshyadav79@gmail.com"
"Brs Honda","Mr. Raghubir Singh Saini","Opp. Forest Office, Singhana Road, Narnaul 123001","Narnaul","Haryana","","9812595277","rgssaini@rediffmail.com"
"Suraj Honda","Bijender Kumar","Mahendragarh Road Near Ateli Road Kanina 123027","Narnaul","Haryana","","8818002883","surajhondakanina@gmail.com"
"Narwana Honda","","Opp.Govt.Sen.Sec.School'Old Bus Stand Narwana 126116","NARWANA","Haryana","","",""
"Paras Honda","Mr. Sumit Jain","Bye Pass Road Palwal 121102","Palwal","Haryana","","9215473777","paras.honda@yahoo.com"
"Paras Honda","Sumit Jain","Near Petrol Pump,Palwal Hathin Road,Hathin 121103","Palwal","Haryana","","7988857710","parashonda5@gmail.com"
"Parashar Honda","Hemant Tanwar","National Highway 2, Near Jindal Nursing Home Palwal, Haryana  121102","Palwal","Haryana","7015163360","7015163360","parasharhondasales@gmail.com"
"Sri Krishna Honda","Sandeep Bansal","Delhi Agra Road,Hodal 121106","Palwal","Haryana","","8814003484","mukundhonda@gmail.com"
"Sukhija Automobiles","G.P.Sukhija","Sukhija Honda,Near Khurana Hospital,N.H.22,Pinjore 134102","Panchkula","Haryana","","9215666686","ahonda@gmail.com"
"Aviate Honda","Anuj Dhingra","Panchkula Yamunanagar Road,Barwala 149108","Panchkula","Haryana","","9729247275","aviatehonda@gmail.com"
"Joshi Honda","Dinesh","Plot-25, Industrial Area Phase 2, Panchkula 134113","Panchkula","Haryana","0172-5057300","9872244077","info@joshihonda.com"
"L.K. Honda","Mr. Lalit Goel","Nh-71 A, Gohana Road 132103","Panipat","Haryana","0180-4000741","7876767800","panipathonda@gmail.com"
"L.K. Honda","Deepak Agarwal","G.T. Road, Smalkha, Panipat 132101","Panipat","Haryana","","8059900602","deepakpnp00@gmail.com"
"LK Honda","Lalit Goel","Opposite Aneja Petrol Pump, Assandh Road, Panipat  132103","Panipat","Haryana","9896331741","9896331741","lktraders@gmail.com"
"Malik Honda","Sambhav Malik","Opp. Kisaan Ka Bhandar, Bapoli Main Road, Panipat Distt 132104","Panipat","Haryana","","9896966691","malikhondapanipat@gmail.com"
"Malik Honda","Mr. Sambhav Mallik","Opp. Mini Secretariat, G.T. Road 132103","Panipat","Haryana","","9382938293, 9896966691","malikhondapanipat@gmail.com"
"Puneet Honda","Narender Kumar","Assandh Road, Near Petrol Pump ,Bus Stand,  Madlauda , Dist: Panipat- 132113","Panipat","Haryana","","9466048499 /8607250100","madlaudahonda@gmail.com"
"Krishna Automobiles","Anup Yadav","Near Hanuman Mandir Sohna Road, Dharuhera 123106","Rewari","Haryana","","9416174941","anoopyadav06@gmail.com"
"Dev Honda","Sonu Kumar","Nahar Road, Naya Gaon More, Kosli  123302","Rewari","Haryana","","9996772999","dshondakosli@gmail.com"
"Shree Honda","Mr. Akhil Taneja","Near Madhu Sudan Public School Delhi Road Rewari 123401","Rewari","Haryana","01274-252700","9215059214","shreerautomobiles@gmail.com"
"Ss Honda","Suresh Sharma","Rewari Road Near Bpcl Petrol Pump, Bawal, Rewari 123501","Rewari","Haryana","","8295961761","llbsuresh.sharma@gmail.com"
"Rama Motors","Ashish Bansal","Opp. Allahabad Bank, Delhi Road, Sampla 124501","Rohtak","Haryana","","9896000194","ramahondasampla@gmail.com"
"Kamakshi Honda","Kashish Kajal","Bhiwani Road, Near Main Bus Stand 124113","Rohtak","Haryana","","9034655187","kashish.honda@gmail.com"
"Lohchab Honda","Jitesh Lohchab","Delhi Bypass Opposite Sector-1 124001","Rohtak","Haryana","01262- 292702, 03, 04","8684888802, 03","sm.honda@lohchabgroup.com"
"Shri Krishna Honda","Mr. Ashok Sachdeva, Mr. Neeraj","1390\13, Sonipat Stand, Delhi Road, Rohtak 124001","Rohtak","Haryana","01262-240424, 240429","9896140111","krishnatrac@sify.com, krishnahonda@sify.com"
"Decent Honda","Mr. Sunil Sehgal","Near Shakti Motors Dabwali Road, Sirsa 125055","Sirsa","Haryana","01666-227800","9996020993","sunil.sehgal43@yahoo.com"
"Ellenabad Honda","Mr. Rakesh Kumar","Opp. Sarvodya Shiksha Sadan, Sirsa Road, Elenabad 125102","Sirsa","Haryana","","9254730991","rakeshgoyal917@gmail.com"
"Sohna Honda","Mr. Deepak Garg","Delhi Alwar Road Near Damdama More 122103","Sohna","Haryana","0124-2013750","9812872333","goldautoa@yahoo.co.in"
"Triumph Honda","Mr.Shivam Mittal","Opposite Civil Hospital , Bahalgarh Road, Sonipat 131001","Sonipat","Haryana","0130-2237002, 03","9416015901","honda1@triumphhonda.com"
"Triumph Honda","Sankaar Ji","Railway Road, Near Anaj Mandi, Gannaur 131101","Sonipat","Haryana","","9254015908","manugupta@triumphauto.com"
"Triumph Honda","Mr. Hemant","Triumph Honda, Near Makhan Bhog , N.H. 8, Kundli 131028","Sonipat","Haryana","","9254015904","honda1@triumphauto.com"
"Triumph Honda","Manu Gupta","Meerut Road,Nh,Near Mrf Tyre Showroom,Bahalgarh,Sonipat 131021","Sonipat","Haryana","","9810545647","triumphhonda@hotmail.com"
"Triumph Honda","Manpreet Singh","Shubham Plaza Chotu Ram Chowk Gohana Road Sonipat  131001","Sonipat","Haryana","0130-2221912","9034015912","honda1@triumphauto.com"
"Ganpati Honda","Sumit Paruthi","Opp Grain Market, Sk Road, Radaur 135133","Yamuna Nagar","Haryana","","9896665666","sumitparuthi@yahoo.com"
"Sai Honda","Mr. Kavi Narula","Near Raghunath  Mandir,  Jagadhari  Road 135001","Yamuna Nagar","Haryana","01732-261420,01732-268320","9215730761","saiauto1@yahoo.com"
"Sai Honda","Mr. Kavi Narula","I.T.I Road, Near Kamani Chowk, Yamuna Nagar 135001","Yamuna Nagar","Haryana","","9215730761","saiauto1@yahoo.com"
"Shree Ganpati Honda","Mr Devender Kumar","Dosarka Chowk , Opp Power House , Sadhura,Yamunanagar  133204","Yamuna Nagar","Haryana","","9416135786","devinderkumar_1980@in.com"
