"Dealer Name","Address","City","State","Pincode","Contact"
"RENAULT NAGPUR WADI SERVICE","Opp MIDC police station A 13 , CENTRAL MIDC ROAD, WADI","Nagpur","Maharashtra","440023","917122682366"
"Renault Wadi","Plot No. P-11,  Mouza, Wadi, Central MIDC Road, MIDC Hingna Area,","Nagpur","Maharashtra","440023","+918527235417"
"Renault Nagpur Service","P-N Chikali Layout, Kalamana Road,","Nagpur","Maharashtra","440008","919503104028"
"RENAULT MAINPURI","Agra Bypass road, Near Karhal Chouk, Mainpuri","Mainpuri","Uttar Pradesh","205001","+918448488237"
"RENAULT Nagpur","10th KM Milestone, Near MHKS Petrol Pump, Mouza Khairi,","Nagpur","Maharashtra","411001","+918527235427"
"Renault Chandrapur","SR.NO. 54-2  Plot No 07 At Mouza Padoli Tq Dist Chandrapur","Chandrapur","Maharashtra","442404","+918527235571"
"RENAULT AMRAVATI","Navate Square,Near HP Petrol Pimp,Badnera Road","Amravati","Maharashtra","444605","+918448481381"
"Renault Mancherial","Survey No 227, Near RDO office, Bellampally Road, Mancherial, Adilabad District","Mancherial","Telangana","504208","+917799739162"
"Renault Akola","Geeta Nagar, opposite Alankar Petrol Pump,South- NH6,","Akola","Maharashtra","444001","+918527235602"
"Renault Rajnandgaon","Near Dental College, G. E. Road, Sundra,","Rajnandgaon","Chattisgarh","491441","+918821085000"
"RENAULT NANDED","House No 542-1,Opposite Spinning Mill Near Sambhaji Sut Girni  Wajegaon,","Nanded","Maharashtra","431602","+919667950202"
"Renault Karimnagar","# 8-5-440,Survey No:445,446,Hyderabad Main Road, Near Kaman, Kothirampur,","Karimnagar","Telangana","505001","+917799739164"
"Renault Karimnagar Service","Plot No:124, Survey No:625&626,Plot No: 113/A, Rajeev Auto Nagar,","Karimnagar","Telangana","505001","918782276473"
"RENAULT Bhilai","Oppsite Nagar Nigam, G.E Road,Supela","Bhilai","Chattisgarh","490023","+918527239094"
"Renault Dhamtari","Shehra Dabri, Raipur Road, Near Navin Dhaba, Infront of Hyundai Showroom,","Dhamtari","Chattisgarh","493773","+918527236518"
"RENAULT SIDDIPET","BESIDE VOYLA GARDENS, SIDDIPET-WARANGAL ROAD, NEAR COLLECTORATE, SIDDIPET, TELANGANA, 502103","Siddipet","Telangana","502103","+918448488257"
"RENAULT Raipur","Ring Road -1, Raipura","Raipur","","490299","+918527238935"
"RENAULT MOWA","OPPOSITE TO ORRANGE COUNTY, VIDHAN SABHA ROAD, MOWA","Raipur","Chattisgarh","492004","+918448481382"
"RENAULT Warangal","H No. 15-2-14/15/16/17, Mulugu Gross Centre, SVP Road","Warangal","Telangana","506007","+917799739163"
"Renault Jabalpur West","445-A, Gupteshwar Ward, Opposite Nagpal Garden, Nagpur Road","Jabalpur","Madhya Pradesh","482002","+918527236026"
"Renault Jabalpur","477 Karmeta Katangi Road,","Jabalpur","Madhya Pradesh","482002","+918527236081"
"RENAULT BHOPAL SOUTH","MAPLE HIGH STREET, HOSHANGABAD ROAD, BAWARIA KALAN","Bhopal","Madhya Pradesh","462026","+918448481306"
"RENAULT BHOPAL","C-9, J K Road,","Bhopal","Madhya Pradesh","462023","+918527240190"
"RENAULT BHOPAL SERVICE","Karond Square,Near Sri Ram Transport ,New Jail Road ,Karond,","Bhopal","Madhya Pradesh","462022","+919109180321"
"Renault A S Rao Nagar","1-10-1-285-4, Kushaiguda, ECIL X Road, Village, Kapra M. Town, Rangareddy,","Hyderabad","Telangana","500062","+917799739148"
"RENAULT KUKATPALLY","3-3-91-1, PLOT NO 11, BAGH AMEER, KUKATPALLY, TELANGANA","Hyderabad","Telangana","500072","+918448488292"
"RENAULT SELECTION LATUR","Shirinivas Arcade,Vasantrao Naik Chouk,Opposite Maharashtra Gramin Bank,NANDED RING ROAD,","Latur","Maharashtra","413531","+917888020518"
"RENAULT BALODA BAZAR","FINANCE PARK, AMBEDKAR CHOWK, MAIN ROAD","Baloda Bazar","Chattisgarh","493118","+918448481378"
"Renault Hitech City Service","Survey No. 87,Adj Professors Enclave, Kondapur, Serilingampally,","Hyderabad","Telangana","500084","+914259221155"
"Renault Hitech City","Plot No.52, Shilpa Park Layout, Survey No.61/A, Kondapur Main Road,","Hyderabad","Telangana","500084","+917799739158"
"Renault Begumpet","160/1, Patny Notors Building, Sardar Patel Road, Begumpet,","Secundrabad","Telangana","500003","+917799739161"
"Renault Madhapur","Plot Number 17 to 21, Survey No 10, Parvat Nagar, Near Ayappa Housing society, Madharpur","Hyderabad","Telangana","500081",""
"RENAULT JALGAON","MIDC Square, Ajantha Road, Jalgaon - 431003","Jalgaon","Maharashtra","431003","+918448488269"
"Renault Latur","P7, Additional MIDC, Barshi Road,","Latur","Maharashtra","413512","+918527235721"
"RENAULT JALGAON SERVICE","PLOT NO 72-73 OLD MIDC  NEW MIDC LIBRARY, AJANATA CHOWK, JALGAON","Jalgaon","Maharashtra","431003","8411883302"
"Renault Uppal","Survey No.523, Adavi estates, Opp to Aparna readymix, Industrial Area, Uppal,","Hyderabad","Telangana","500066","+918886602979"
"Renault Banjara Hills New","Survey No 129,35,D1, Road number 12, Banjara Hills,","Hyderabad","Telangana","500034","+91 8790666488"
"RENAULT HIMAYATNAGAR","3-5-899, NEAR TELUGU ACADEMY, HIMAYATNAGAR","Hyderabad","Telangana","500029","+918448488234"
"RENAULT AMBERPET","D.NO.2-3-35-A, 6 NUMBER CIRCLE, AMBERPET","Hyderabad","Telangana","500013","9394775652"
"RENAULT JAGDALPUR","Beside Surya College, Geedam Road, Jagdalpur-494001","Jagdalpur","Chattisgarh","494001","7428297117"
"RENAULT L B Nagar","Ward No: 3, Block No: 11, Mansoorabad Village","L B Nagar Muncipality, Rangareddy Dist","Telangana","500068","+917799739159"
"RENAULT Bilaspur","Vyapar Vihar Square, Murarka Complex","Bilaspur","Chattisgarh","495001","+918527238256"
"Renault Beed","Opposite Sai Palace, Dhoppad complex, Jalana Road,","Beed","Maharashtra","431122","+918527236430"
"Renault Aurangabad","Motiwala Business Center, Opp Air India office, Jalana Road, Near Seven Hill Bridge","Aurangabad","Maharashtra","431001","+918527235499"
"Renault Aurangabad Service","E-30, MIDC, Waluj,","Aurangabad","Maharashtra","431136","+912402552104"
"RENAULT SHAHDOL","BY PASS ROAD NH- 78, BURHAR ROAD, NEAR OLD TATA WORKSHOP- SHAHDOL","Shahdol","Madhya Pradesh","484001","+918448481309"
"Renault Kothagudem","Door No 3-1-194 ,SS Complex ,Beside Chunchupalli Panchayat office, Vidya Nagar","Kothagudem","Telangana","507101","+917331145145"
"Renault Nalgonda","Plot No 27 and 28, Survey No 94, Opposite to Old Dhall Mill, Marriguda Village","Nalgonda","Telangana","508001","+917331121121"
"RENAULT KHAMMAM","DOOR NO 5-1-645,BESIDE DISTRICT COURT,WYRA ROAD","Khammam","Telangana","507002","+918448488217"
"RENAULT INDORE CITY","AB Road, Manoramaganj, Plot No 4 and 5, Shekhar Central, Block G-2  and Block G-0","Indore","Madhya Pradesh","452001","+918527240145"
"RENAULT INDORE","Lasudiya Moori, Survey No. 101-5, Dewas Naka","Indore","Madhya Pradesh","452010","+918448488267"
"Renault Miryalguda","Ramchandra Gudem, Near SV Gardens, Nalgonda Road,","Miryalguda","Telangana","508207","+917993121121"
"Renault Kalaburgi","STBT Road,","Gulbarga","Karnataka","585105","+918884498992"
"Renault Korba","Transport Nagar, Near Old Vijaya Talkies, Front Of Hotel Maharaja","Korba","Chattisgarh","495677","+918527238947"
"Renault Korba Service","Kua-Bhatti, Transport Nagar,","Korba","Chattisgarh","495677","+918357087000"
"RENAULT MAHBUBNAGAR","H No 11-4-9, Opp to Hyundai Showrrom, Hyd Road, Appannapally, Mahabubnagar, Telangana","Mahbubnagar","Telangana","509001","+918448488287"
"Renault Solapur","Old Chetan Foundary, Aasra Chowk,","Solapur","Maharashtra","413003","+918527235694"
"RENAULT BALANGIR","SATYANARAYAN PARA,SAMBALPUR ROAD,BALANGIR","Balangir","Odisha","767001","+918448488247"
"Renault Ahmednagar","S.No.55/1B/2/1, Opposite MIDC Police Station, Nagar-Manmad Police Station,","Ahmednagar","Maharashtra","414111","+918527240356"
"Renault Guna","Mahaveerpura, Near Indian Oil Petrol Pump, AB Road,","Guna","Madhya Pradesh","473001","+918527238744"
"RENAULT CHHATARPUR","Ward-32 Near New Panna Naka, Chhatarpur","Chhatarpur","Madhya Pradesh","471405","+918448481310"
"Renault Satna","Kripalpur, Rewa Road before Madhavgarh Fort,","Satna","Madhya Pradesh","485001","+918527239295"
"RENAULT Vijayawada","D. No. 48-10-12, Ramachandra Nagar, Opp. Dr. NTR Health University","Vijayawada","Andhra Pradesh","520008","+917799739152"
"RENAULT VIJAYAWADA BS","D NO - 48-16-30-7-1, KAMINENI NAGAR, MAHANADU ROAD, VIJAYAWADA","Vijayawada","Andhra Pradesh","520008","7331122071"
"RENAULT Rajahmundry Service","Survey No. 361/3, Opp Sri Chaitanya Techno School, Morampudi,","Rajamundry","Andhra Pradesh","533103","+918832415555"
"RENAULT Rajahmundry","Sai Presindency, Lolugu Nagar, Opp. ONGC Base Complex Main Gate, NH 5","Rajahmundry","Andhra Pradesh","533103","+917799739150"
"Renault Narasaraopet","Narasaraopet","Narasaraopet","","526008","+917799739166"
"Renault Guntur","D.No.142, Beside Reliance Petrol Pump, Auto nagar","Guntur","Andhra Pradesh","522001","+917799739155"
"RENAULT REWA","Near landmark Hotel, Ward-15 Rehtera, Tehsil- Huzur Rewa","Rewa","Madhya Pradesh","486001","+918448488238"
"RENAULT PANDHARPUR","PLOT NO. 38, GUT NO. 359, NEAR WISAVA MANDIR ROAD, PUNE ROAD, WAKHARI","Pandharpur","Maharashtra","413304","+918929207296"
"RENAULT TENALI","Kavi Raja Nagar, Sultanabad ,Opp Navodaya Kalyana Mandapam","Tenali","Andhra Pradesh","522202","+918929469881"
"Renault Ambikapur","Hotel Shail Giri Complex, M.G.Road,","Ambikapur","Chattisgarh","497001","+918527238278"
"Renault Ambikapur Service","3, Industrial Estate, Banaras Road,","Ambikapur","Chattisgarh","497001","917774231777"
"RENAULT SIDHI","Infront Of Eklavya College Dehaniya Singrouli Road Sidhi","Sidhi","Madhya Pradesh","486661","+918448488233"
"RENAULT BHIMAVARAM","PEDAMIRI, UNDI ROAD, NEAR AGRICULTURE CHECK POST,","Bhimavaram","Andhra Pradesh","534202","+918929469882"
"RENAULT BARAMATI","PHALTON ROAD, TAMBESWATI, TQ - BARAMATI","Baramati","Maharashtra","413102","+918448488203"
"Renault Jhalawar","Ashiyana Building, Nr. Police Station and Yes Bank, Patan Road,","Jhalawar","Rajasthan","326001","+919928300083"
"RENAULT BARAN","ATRU ROAD BARAN","Baran","","326205","+918448381058"
"RENAULT KURNOOL","NO 45-142-70-5-B, NH44, Near APSP 2nd Battalion, Bellary Chowarasta,","Kurnool","Andhra Pradesh","518003","+918527234787"
"Renault Jharsuguda","Jharsuguda Town Unit-7,Sarbahal,Bye pass Road,Near Amrita Petrol Pump,","Jharsuguda","Odisha","768201","+919643095793"
"RENAULT JHANSI","907 CIVIL LINES ELITE SIPRI ROAD","Jhansi","Uttar Pradesh","284001","+918527234220"
"RENAULT JHANSI SERVICE","907, Civil Lines, Elite Sipri,","Jhansi","Uttar Pradesh","284001","+917678913777"
"Renault Vijayapur","Plot No.7K-3, NH50, Near Ibrahimpur Ring Road, Oppto Shri Sangameshwar Hospital","Vijayapur","Karnataka","586109","+918448488258"
"Renault Nasik","Narayan Apartments, Opposit Takli Road Corner, New Mumbai Agra Raod,","Nasik","Maharashtra","422001","+918527235495"
"Renault Narayangaon","Shop no 15,16,17, Govind Plaza , Pune- Nashik Highway, Narayangaon, Tal. Junnar,","Pune","Maharashtra","410504","+919373834368"
"RENAULT VIZAG BS","BLOCK - D, PLOT NO F-18, AUTO NAGAR, INDUSTRIAL AREA, GAJUWAKA,","Visakhapatnam","Andhra Pradesh","530012","8008103328"
"Renault Satpur","Precision forging and Stamping Nashik, Plot No. 25-1-1 MIDC Area Satpur , Nashik","Nashik","Maharashtra","422007","919561214914"
"Renault Sambalpur","Plot No.835/3754, Mauza: Sambalpur Town, Unit-12 Remed,","Sambalpur","Odisha","768006","+919582683362"
"RENAULT Vizag","D-39, Industrial Estate, Opp. Coco Cola Company, Nh-5","Visakhapatnam","Andhra Pradesh","530016","+917799739151"
"RENAULT Vizag Service","D NO 38-22-130 and 149, PLOT NO D-16 and 17, KAPPARADA, INDUSTRIAL AREA, Kancharapalem","Visakhapatnam","Andhra Pradesh","530007","918912551644"
"Renault Ongole","Survey No. 231 & 233, Edugundlapadu,","Ongole","","523269","+917799739156"
"RENAULT WAGHOLI","GAT No 2347-B-1-3, Ground Floor, Opp. Talera Warehouse, Nagar Road,","Pune","Maharashtra","411007","+918527232725"
"RENAULT SRIKAKULAM","Sapthagiri Function Hall, Near Ayyappa Temple, Adivarampeta Palakonda Road","Srikakulam","Andhra Pradesh","532001","+918929207293"
"Renault Hadapsar","Plot No 44 Hadapsar Industrial Estate,","Pune","Maharashtra","411057","+919922999229"
"Renault Fathimanagar","Shop Nop 33, 1, 30 at 17/A/1/2&3 at Fun-N-Shop Fatima Nagar","Pune","Maharashtra","411040","+918527235629"
"Renault Chinchwad","Plot No. GP 187, MIDC Area, Chinchwad","Pune","Maharashtra","411033","+918527235677"
"RENAULT BANER SERVICE","35-2-1-1, Pune Mumbai Highway Bypass, Baner","Pune","Maharashtra","411045","+912066448817"
"RENAULT BANER","R S No 35, Deep Complex, Mumbai-Pune Highway Bypass, Pashan Highway Side Road, Baner","Pune","Maharashtra","411045","+919607909870"
"Renault Vita","4454-4, Kasambhai complex, Opp Essar petrol pump , Tasgaon road sangli.","Vita","","451311","+917304461515"
"RENAULT KOTA","G-1 ,AUTOMOBILE ZONE INDRAPRASTHA AREA","Kota","Rajasthan","324005","+919643318680"
"RENAULT GODHRA","MOONLIGHT CINEMA COMPOUND, DAHOD ROAD, VAVDI","Godhra","Gujarat","389001","+918929207301"
"Renault Satara","289-2 Near HP Pooja Petroleum A-P Wade, NH4, Satara","Satara","Maharashtra","415004","+918527238862"
"RENAULT AJMER","Parbatpura Bypass, Jaipur Road","Ajmer","Rajasthan","305001","+919643206582"
"Renault Bardoli","Plot No-B 02, Survey No.51 Nandida Chokdi, Near, Chevrolet Showroom, Bardoli Surat Road,","Bardoli","Gujarat","394601","+917434851618"
"Renault Allahabad","18 KANPUR ROAD, PRAYAGRAJ, UTTAR PRADESH","Allahabad","Uttar Pradesh","211001","+918527234326"
"RENAULT SANGLI (SERVICE)","C.S.No. 264-1 Vakhar Bhag, Old Budhagaon Road","Sangli","Maharashtra","416416","+918380032777"
"Renault Sangli","C.S.No. 290  A/2, VAKHAR BHAG,","Sangli","Maharashtra","416416","+918527238846"
"Renault Fatehpur","Near Shani Dev Mandir Nauwa Bagh, G T Road","Fatehpur","Uttar Pradesh","212601","+918527235831"
"Renault Karad","17770-A, Sharada Vilas, Near Reliance Petrol Pump, karad, Sangli,","Karad","Maharashtra","415539","+918956115015"
"RENAULT GWALIOR CITY","Sakhiya Vilas, Jhansi Road, Gwalior, Madhya Pradesh","Gwalior","Madhya Pradesh","474011","+918448481317"
"Renault Gwalior","Shivpuri Link Road, Near Ramshree School","Gwalior","Madhya Pradesh","474009","+918527237185"
"RENAULT VADODARA CENTRAL","3A, Sahajanand Industrial Estate, Munjmahuda, Akota","Vadodara","Gujarat","390020","+918929824128"
"Renault Bharuch","College Road, Near Abc Circle","Baruch","Gujarat","392001","+917434851623"
"Renault Kim","Gayatri Nagar, NH 8, Kim Char rasta,","Kim","Gujarat","394110","+917434851603"
"Renault Navsari","Beside Shital Hotel, Dharagiri, Near Grid Char Rasta, NH-8,","Navsari","Gujarat","396445","+917434851622"
"RENAULT VADODARA NORTH","OPP. GEB SUB STATION, CHHANI, VADODARA","Vadodara","Gujarat","390002","+918448488281"
"Renault Vapi","N.H.No-8, GIDC Char Rasta, Beside GSPC","Vapi","Gujarat","380009","+917434851620"
"Renault Rourkela","Chandni Complex, Panposh Road, Dist: Sundargarh,","Rourkela","Odisha","769004","+919643001610"
"Renault Rourkela Service","C/16, Industrial Esate, Dist: Sundargarh,","Rourkela","Odisha","769004","+918599007232"
"Renault Varachha","G-6, Deepkamal Shopping, Near Sarthana Zoo, Nana Varachha,","Surat","Gujarat","395006","+917434851619"
"Renault Panvel New","SHOP NO.08,BHOOMI LANDMARK PREMISES,PLOT NO 34 and 34A, SECTOR 17,NR KHANDA COLONY SIGNAL,","Mumbai","Maharashtra","410206","+917043065000"
"Renault Bagalkot","Sector No - 4, Plot No- 10 Beside Chalukya Hotel Hubballi Bypass Road Navanagar","Bagalkot","Karnataka","587103","+918448481316"
"Renault Bellary","Survey No.33 A-2, 16th Ward, NH-63, Ananthapur Road,","Bellary","Karnataka","583101","+918448488201"
"RENAULT NAVI MUMBAI SERVICE","Plot No D 180, TTC MIDC Industrial Area, Shirvane - Nerul, Navi Mumbai","Navi Mumbai","Maharashtra","400706","+912226215300"
"RENAULT THANE","Fenkin Belleza Shop No 2 and 3 Sainath Nagar, Opp D mart, Ghodbunder Road, Thane","Mumbai","Maharashtra","401107","+918929172592"
"RENAULT ADAJAN","G-6 FORTUNE MALL NEAR GALAXY CIRCLE, PAL HAZIRA ROAD ADAJAN","Surat","Gujarat","395009","+918448481303"
"RENAULT NAVI MUMBAI","Wonderwood furniture,Plot No 43, Palm Beach Road, Sector 19, Vashi","Mumbai","Maharashtra","400705","+918929172590"
"Renault Surat Service","Plot No. 337 Paiki, Bhimpore GIDC, Opp. ONGC, Magdalla- Hazira Road","Surat","Gujarat","394510","+917818111222"
"RENAULT THANE SERVICE","Suraksha Compound, Kajupada, Village Chene, Ghodbunder Road, Mira - Bhayender","Thane","Maharashtra","401107","+916359978863"
"Renault Surat","Opp: ISCON Mall, Piplod, Dumas Road,","Surat","Gujarat","395007","+917434851621"
"Renault Dungarpur","Sagwara Road, Near Reliance Petrol Pump,","Dungarpur","Rajasthan","314001","+919799538222"
"RENAULT VASAI SERVICE","Range Office Junction, Vasai East","Vasai","Maharashtra","401208","9168603152"
"Renault Kolhapur Service","217/A, Pune-Bangalore Raod, A/P-Nagaon, Taluk-Hatkanangale, Dist. Kolhapur","Kolhapur","Maharashtra","416122","+917620181515"
"Renault Kolhapur","S No 592-H No. 4481, NH4, Pune Bangalore Highway","Kolhapur","Maharashtra","416122","+918527238820"
"RENAULT VASAI","Grishma Garden, Gokhivare, Opp to Evershine Gate, Vasai East, Dist Plaghar","Vasai","Maharashtra","401208","+918448488219"
"RENAULT AURAIYA","Siddhi Nagar, Near Dayalpur Chauraha, Etawah-Kanpur Road","Auraiya","Uttar Pradesh","206122","+918448488230"
"RENAULT ANAND","Chikhodra Chokdi, Chikhodra, Anand","Anand","Gujarat","388320","+918448792902"
"RENAULT CHITTORGARH","DAGLA KHERA, NEAR HANUMAN MANDIR, KAPASAN ROAD","Chittorgarh","Rajasthan","312021","+919643316670"
"RENAULT KANDIVALI","2, Sanjar Enclave, SV Road, Kandivali - West","Mumbai","Maharashtra","400067","+918448481305"
"Renault Varanasi","Jagatpur, Rohania,","Varanasi","Uttar Pradesh","221313","+918527240119"
"RENAULT ANDHERI SERVICE","15, Champion Seal Compound, Parsi Panchayat Road, Andheri East, Mumbai","Mumbai","Maharashtra","400069","+912226215300"
"RENAULT SELECTION KOLHAPUR","AYODHYA PARK OPP SANGAM TALKIES NEAR DEHATI HOTEL","Kolhapur","Maharashtra","416005","+919763727210"
"RENAULT Kanpur Service","Bye Pass Road, Near Chakarpur Navin Phal and Sabji Mandi, Bhauti,","Kanpur","Uttar Pradesh","208012","918601873029"
"Renault Kanpur Service","Bye Pass Road, Near Chakarpur  Navin Phal and Sabji Mandi, Bhaunti,","Kanpur","Uttar Pradesh","209305","+918601873029"
"RENAULT JUHU","Amar Chalet, Plot No 41 and 43, CTS No. 484 - PT Survey No 287, Village Vile Parle - K-W Juhu, Vile Parle - W","Mumbai","Maharashtra","400058","+918448389659"
"RENAULT CHIPLUN","C-o Koyana Industrial Gases Pvt. Ltd., A-41, MIDC Kherdi, Chiplun, Dist. Ratnagiri - 415604","Chiplun","Maharashtra","415604","+918448488280"
"RENAULT MODASA","Shop No.8,9,10, Karnavati Complex, Malpur Bypass Cross Road, Near Sahyog Petrol Pump","Modasa","Gujarat","383315","+917434851612"
"RENAULT KANPUR SOUTH","127-W-1-181, Saket Nagar, Opposite Parag Dairy","Kanpur","Uttar Pradesh","208014","+918527234708"
"Renault Varanasi City","B-38/46 H-A, Mahmoorganj,","Varanasi","Uttar Pradesh","221010","+918527239485"
"Renault Kanpur","109-361, G.T. Road, Near Bhai Banno Sahib Gurudwara,","Kanpur","Uttar Pradesh","208012","+918527235791"
"Renault Pratapgarh","38 Vivek Nagar, Bhagwachungi, Kathehri Road,","Pratapgarh","Uttar Pradesh","230001","+917705902070"
"RENAULT RAEBARELI","742-43, Near Saras Hotel, Sultanpur Road, Raebareli","Raebareli","Uttar Pradesh","229001","+918448488260"
"Renault Keonjhar","Dhangarpada, NH-6, Mumbai-Kolkata Highway,","Keonjhar","Odisha","758001","+918599007252"
"RENAULT ANANTAPUR","Near Rajahamsa Apartments, NH-7, Bye Pass Road,","Anantapur","Andhra Pradesh","515004","+918448389657"
"RENAULT UNNAO","335 GAGAN KHERA, NEAR MASCOT HOTEL, UNNAO- 209864 UTTAR PRADESH","Unnao","Uttar Pradesh","209864","+918448488272"
"Renault Etawah","Plot No.211 and 212, Pilkar Village, NH 2,","Etawah","Uttar Pradesh","206001","+918527234885"
"RENAULT GADHINGLAJ","RS No 85, Hissa No 2, Plot No 6 A-p Gadhinglaj, Tal Gadhinglaj, Dist Kolahpur","Gadhinglaj","Maharashtra","416005","+918448481312"
"RENAULT NIDHORI","Devgad- Nipani Highway, Near Hotel Chintamani, Nidhori, Taluka Kagal, Kolhapur","Nidhori","Maharashtra","416219","+918448481375"
"RENAULT BHILWARA SERVICE","E-239A RIICO","Bhilwara","Rajasthan","311001","+919829068104"
"RENAULT BHILWARA","46-A, SUBHASH NAGAR, NEAR UIT","Bhilwara","Rajasthan","311001","+919667951818"
"Renault Nellore","Kakuturu Village, Venkatachalam Mandal, Nellore District,","Nellore","Andhra Pradesh","524320","+917799739154"
"RENAULT UDAIPUR SERVICE","NH 8, DHABHAI ESTATE, GOVERDHAN VILAS, HIRAN MAGRI","Udaipur","Rajasthan","313001","9828020543"
"RENAULT UDAIPUR","OPP MES GATE, GOVERDHAN VILAS ROAD,","Udaipur","Rajasthan","313001","+917290055363"
"RENAULT HIMMATNAGAR","Plot No 4, Next To Shakti Service point, GIDC, Motipura","Himmatnagar","Gujarat","383001","+917434851610"
"RENAULT TONK","KAMDHENU CIRCLE, JAIPUR BYEPASS TIRAHA","Tonk","Rajasthan","304001","+919643322989"
"Renault Karnavati East","Ground Floor, Trade Square, Hatkeshwashwar Circle, Khokhra, Maninagar","Ahmedabad","Gujarat","380008","+917434851608"
"Renault Karnavati Central Service","Plot No.6, Patel Timbar Market ,N.H.-8,Narol- Naroda Highway, Nr.Reliance Petrol Pump, Opp.Mukesh Industries BRTS Bus Stop , Isanpur","Ahmedabad","Gujarat","382443","+919925048691"
"RENAULT HUBLI","CTS 3606, 3608 Opp P C Jabin College, Vidyanagar, Dharwad Road,","Hubli","Karnataka","580031","+918884498988"
"RENAULT BELGAUM","Plot No. 38, Udyambog, Khanapur Road","Belgaum","Karnataka","590008","+918884498967"
"RENAULT BELGAUM SERVICE","Plot No 31, Udyambog, Khanapur Road,","Belgaum","Karnataka","590008","9148146927"
"RENAULT HUBLI SERVICE","98-D, Beside Big Bazar, Gokul Road,","Hubli","Karnataka","580030","9900085673"
"RENAULT KEKRI","Sawar road Opp. Maruti Showroom","Kekri","Rajasthan","305404","+917428081666"
"RENAULT ALAMBAGH","Plot No. 410-412, Near Purani Chungi, Kanpur Road, Alambagh","Lucknow","Uttar Pradesh","226005","+918448481319"
"Renault Bhubaneswar","Plot No. A/66, NH 5, Nayapalli","Bhubaneswar","Odisha","751003","+919643007782"
"Renault Karnavati West","Opp. New York Tower, Nr. Thaltej, Sarkhej-Gandhinagar Highway,","Ahmedabad","Gujarat","380059","+917434851617"
"RENAULT SELECTION AHMEDABAD","GROUND FLOOR, CIRCLE-P COMPLEX, PRAHLADNAGAR CROSS ROAD","Ahmedabad","Gujarat","380054","+919825006268"
"RENAULT BHUBANESHWAR NORTH","Plot No. 644-2148, Pahal, NH-5, Bhubaneswar, Odisha-752101","Bhubaneshwar","Odisha","752101","+918448488242"
"Renault Karnavati West Service","Near Dev Kutir Bunglows, Opp. Bopal BRTS Bus Stop, Iscon - Bopal Road, Ambli,","Ahmedabad","Gujarat","380058","919925002162"
"Renault Ambli","Near Dev Kutir Bunglows, Opp. Bopal BRTS Bus Stop, Iscon - Bopal Road, Ambli,","Ahmedabad","Gujarat","380058","+917434851606"
"Renault Ranchi","Piska More, Ratu Road,","Ranchi","Jharkhand","834005","+918527237630"
"Renault Ranchi Service","Jai Prakesh Marg, Khadgara, Sukhdeo Nagar, Ratu Road,","Ranchi","Jharkhand","834001","+916513192333"
"RENAULT LUCKNOW METRO SERVICE","15-16 MAU MOHANLAL GANJ, NEAR RADHA SWAMI ASHRAM, RAIBAREILY ROAD","Lucknow","Uttar Pradesh","226301","+916389300745"
"RENAULT Lucknow","7,7A, Batah Sabauli, Kalyanpur Ring Road, Indira Nagar","Lucknow","Uttar Pradesh","226022","+918527235250"
"RENAULT LUCKNOW METRO","6-C-1 FAIZABAD ROAD, NEAR INDIRANAGAR METRO STATION","Lucknow","Uttar Pradesh","226016","8448389690"
"RENAULT Lucknow Service","Plot 722, Anaura, After Indira Canal, Lucknow Faizabad Highway","Lucknow","","227105","+917704802277"
"Renault Firozabad","Opposite SBI Main Branch, Agra - Sikohabad Bypass, Firozabad","Firozabad","Uttar Pradesh","283203","+918448488252"
"Renault Azamgarh","192, Hameedpur, Saidwara Sadar,","Azamgarh","Uttar Pradesh","276001","+918527236962"
"Renault Agra","3-42 LAKHANPUR NEAR BEST PRICE AGRA MATHURA ROAD, NH2","Agra","Uttar Pradesh","282007","+918527239527"
"RENAULT DAUSA","JAIPUR AGRA ROAD BYPASS TIRAHA","Dausa","Rajasthan","303303","+918448481318"
"RENAULT BHARATPUR","Circular road, Near Andhra Bank, Kumher Gate Ke pass","Bharatpur","Rajasthan","321001","+917428081664"
"RENAULT DAVANGERE","Davangere - Harihara Road ,","Davangere","Karnataka","577004","+918448481301"
"RENAULT RAMGARH","Pratap Nagar, Ranchi Road, Ramgarh, Jharkhand","Ramgarh","Jharkhand","829122","+918448488232"
"RENAULT FARRUKHABAD","Narayanpur, Mandi Road, Near Central Jail Chauraha","Farrukhabad","Uttar Pradesh","209602","+918448488255"
"RENAULT MEHSANA","Opp Balaji Essar Petrol Pump, Near Keshav Party Plot, Nagalpur Road,","Mehsana","Gujarat","384002","+917434851607"
"Renault Mau","Bada Gaon, Mohammadabad,","Mau","Uttar Pradesh","276403","+918527236929"
"RENAULT SITAPURA SERVICE","Near Gems And Jewellery, F-717, IT Park Road, Zone 2, Sitapura Industrial Area","Jaipur","Rajasthan","302022","+919799208222"
"RENAULT MEHSANA SERVICE","298, Dediyasan GIDC 2, Opposite Atlas Equipments, Dediyasan","Mehsana","Gujarat","384001","9979313333"
"Renault Hazaribagh","Holding No.149, Plot No. 43-622, Village Sarley,","Hazaribagh","Jharkhand","825301","+918448488284"
"RENAULT HARDOI","Naya Gaon, Mubarakpur, Near Jaipuria School, Lucknow Road","Hardoi","Uttar Pradesh","241001","+918448488206"
"Renault Allahabad Service","Plot No.7, Dhanua Near Chaka Block, Rewa Road, Naini","Allahabad","Uttar Pradesh","211008","+919235442096"
"RENAULT JAIPUR SOUTH","A 2 , Corporate Towers, JLN Marg, Besides Fortis Hospital","Jaipur","Rajasthan","302017","9643205838"
"RENAULT GAYA","GAYA DOBHI ROAD, DOMUHAN, INFRONT OF POWER UNIT,GAYA","Gaya","Bihar","823004","+918448488215"
"Renault Mathura","Village & Post Badh, NH-2, Near Basera Food Grain Warehouse,","Mathura","Uttar Pradesh","281006","+918448488274"
"Renault Kalol","Shop No.15,16, Shanidhya Complex, opp.Shindhbad Hotel, Kalol Mehsana Highway, Kalol,Dist. Gandhinaga","Kalol","Gujarat","382715","+917434851614"
"RENAULT GAYA SOUTH","Khata no.127, Plot no 1211-1402, Vill-Kharanti, Post-Bagdaha, PS-Bodhgaya, NH-83","Gaya","Bihar","823004","+919264443131"
"RENAULT GAYA CITY","Plot no 1251, Mauja-kharanti, Post- Bagdaha, PS- Bodhgaya, NH-83","Gaya","Bihar","823004","+919264443132"
"RENAULT JAIPUR EAST","B-24,GOVIND MARG, RAJAPARK","Jaipur","Rajasthan","302004","+918448389656"
"RENAULT JAIPUR NORTH","C7 D, Sawai Jai Singh Higway Road, Banipark","Jaipur","Rajasthan","302016","9643205980"
"RENAULT JAIPUR WEST","5-10 ,Queens Road Veer Vihar ,Vaishali Nagar","Jaipur","Rajasthan","302021","8448488250"
"Renault Tirupati New","Door No. 19-3-5-1, 19th Ward, Renigunta Road,","Tirupati","Andhra Pradesh","517501","+917799989302"
"RENAULT Tirupati","Door No. 19-3-5/1, 19th Ward, Renigunta Road","Tirupati","Andhra Pradesh","517501","+917799739153"
"RENAULT ETAH","Oppsite Jain Dharmkanta, Ganga Nagar, Aligarh Road","Etah","Uttar Pradesh","207001","+918448488295"
"Renault Tirupati Service","9-91-5, Dhaminedu, Tirupati Rural,","Tirupati","Andhra Pradesh","517503",""
"RENAULT VKI SERVICE","E-12-B, VKI AREA","Jaipur","Rajasthan","302013","+919602020100"
"RENAULT AJMER SERVICE","F-68, Parbatpura Industrial Area","Ajmer","Rajasthan","305001","+917340000007"
"RENAULT PALANPUR","OPP ASHOKKUMAR AND CO ABU-DELHI HIGHWAY","Palanpur","Gujarat","385001","+917434851602"
"RENAULT HATHRAS","NEAR TADKA RESTAURANT, AGRA ROAD, HATHRAS - 204101","Hathras","Uttar Pradesh","204101","+918527240136"
"Renault Jamshedpur West","Thana No - 126, Plot No - 383 & 384, Infront of IOC Petrol Pump, Between City Centre and Indo Danish Tool Rook, Adityapur,","Jamshedpur","Jharkhand","831013","+918448488256"
"Renault Panjim City","New Taleigao By pass road, Taleigao","Panjim","Goa","403002","+918527236379"
"Renault Verna","Plot No U02-J and U02-K, Phase 4, Verna Industrial estate,","Verna","Goa","403722","+918322446808"
"RENAULT PANJIM","BEHIND HONDA SERVICE CENTER, TALEIGAO GOA","Taleigao","","403003","918322446808"
"Renault Jamshedpur North","Dimna Road, Beside Dainik Jagran Building, Main Road, Mango","Jamshedpur","Jharkhand","831012","+918527235184"
"RENAULT PATAN","Ambika Society, Sardar Ganj","Patan","Gujarat","384265","+917434851613"
"RENAULT SIRSI","Yallapur Road, Opposite TSS Petrol Pump, Sirsi, Uttar Kannada","Sirsi","Karnataka","581401","+918448488271"
"RENAULT MARGAO","Shop No. 662, Imperial Arcade, Revora Navelim, Salcete,","Margao","Goa","403707","+918527236416"
"Renault Koderma","H.NO. 388, BYPASS ROAD, JHUMRITELAIYA,KODERMA, DIST.","Koderma","Jharkhand","825409","+917061158732"
"RENAULT CHOMU","OPPOSITE BARALA HOSPITAL, RADHA SAOMI BAGH, SIKAR ROAD","Chomu","Rajasthan","303702","9799466668"
"RENAULT ALWAR","Near Gaju Ki Pulia, Tijara Road, Alwar","Alwar","Rajasthan","301001","+918448389704"
"RENAULT ALWAR SERVICE","Near Gaju Ki Pulia, Tijara Road, Alwar","Alwar","Rajasthan","301001","+917340000007"
"RENAULT PALI","Renault Tower, Near Transport Nagar, Naya Gaon","Pali","Rajasthan","306401","+919643205834"
"Renault Gorakhpur","Plot No.502, Haraiya, NH-28,","Gorakhpur","Uttar Pradesh","273016","+918527234018"
"Renault Shahjahanpur","Rasoolpur Jahanganj,","Shahjahanpur","Uttar Pradesh","242001","+918527239828"
"RENAULT BOKARO","PLOT NO. N-1, CITY CENTER, SECTOR 4, BOKARO STEEL CITY","Bokaro","Jharkhand","827004","+918527232689"
"Renault Aligarh","Gata No.368, Sarsol, G.T. Road,","Aligarh","Uttar Pradesh","202001","+918527239131"
"Renault Deoria","Near RTO Office, Purwa Chowk,","Deoria","Uttar Pradesh","274001","+918527236167"
"Renault Shivamogga","S.R.Circle, Shankar Mutt Road, Seshadri Puram,","Shimoga","Karnataka","577201","+918884498991"
"RENAULT CHAPRA","Bhikhari Chowk","Chapra","Bihar","841312","+918527236545"
"Renault Budaun","Dataganj Chungi,  Near Ambedkar Chatrabass,","Budaun","Uttar Pradesh","243601","+918527238652"
"Renault Tumkur","SY NO 84-1, RING ROAD, GUBBI BYEPASS ROAD, BEHIND SSIT ENGINEERING COLLEGE, MARALUR,","Tumkur","Karnataka","572105","+918884499056"
"RENAULT LAKHIMPUR","Plot No. 548, LRP Road, Near Rajapur Railway Crossing, SH 26, Lakhimpur, Lakhimpur, Lakhimpur Kheri","Lakhimpur Kheri","Uttar Pradesh","262701","+918448488270"
"RENAULT PATNA SOUTH SERVICE","HARINICHK SCHOOL ROAD ABOVE 300MTR SOUTH FROM BEUR MORE, PO-ANISABAD,P.S-BEUR","Patna","Bihar","800002","9204591595"
"RENAULT PATNA SOUTH","NEAR BEUR MORE, NEW BYPASS ROAD, ANISABAD","Patna","Bihar","800002","+918929643196"
"Renault Patna Central","Pandey Plaza, Exhibition Road,","Patna","Bihar","800001","+918527239948"
"RENAULT AMBATTUR ESTATE","SHED NO A2, FIRST MAIN ROAD, INDUSTRIAL ESTATE AMBATTUR","Chennai","Tamil Nadu","600058","+918448481300"
"Renault Patna Central Service","Pandey Motors Campus, Bhootnath Road, Kankarbagh,","Patna","Bihar","800020","+916122341151"
"RENAULT KANKARBAGH","DHANKI MORE,KANKARBAGH MAIN ROAD","Patna","Bihar","800020","+917428092528"
"RENAULT KILPAUK","PLOT NO-2, SUB-PLOT NO-A, NEW NO 450, OLD NO 180, POONAMALLEE HIGH ROAD, KILPAUK","Chennai","Tamil Nadu","600010","+918448488202"
"Renault Yelahanka","SY No.76/1, Allalasandra, Jakkur, Yelahanka Hobli,","Bangalore","Karnataka","560064","+918884498993"
"RENAULT KATTUPAKKAM","No 2-398, Mount Poonamallee Road, Iyyappanthangal","Chennai","Tamil Nadu","600056","+918527234359"
"RENAULT Mount Road","738, Anna Salai","Chennai","Tamil Nadu","600006","+918527239827"
"RENAULT Mount Road Service","623, Model High School Road, Anna Salai","Chennai","Tamil Nadu","600006","+914430253421"
"RENAULT VELLORE","No 1-91, Chennai - Bangalore Highway, Perumugai","Vellore","Tamil Nadu","632009","+918448481311"
"Renault Dhanbad","GT Road, Panduki, Barwadda,","Dhanbad","Jharkhand","826004","+918527232985"
"RENAULT KALYAN NAGAR BS","SY NO 147-3, CHELLAKERE VILLAGE, KALYAN NAGAR, KR PURAM HOBLI, BANGALORE - 560043","Bangalore","Karnataka","560043","7619426065"
"RENAULT KALYAN NAGAR","SY. NO. 122i4, C SHANKAR REDDY LAYOUT, CHELLAKERE. OUTER RING ROAD, KALYAN NAGAR, K.R. PURAM HOBLI,","Bangalore","Karnataka","560043","+918448488279"
"RENAULT Whitefield","No. 111, 124/125 B, Narayanpura, K R Puram, Hobli","Bangalore","Karnataka","560016","+918884498998"
"RENAULT Palace Orchards","New No. 210/2, Upper Palace Orchards, Bellary Road, Sadashivanagar","Bangalore","Karnataka","560080","+918884499054"
"Renault OMR Service","No.135 Developed  Industrial Estate Perungudi, OMR (Rajiv Gandhi Salai)","Chennai","Tamil Nadu","600096","+914430253500"
"Renault OMR","No. 18, Developed Plots, Electronic Industrial Estate, Perungudi","Chennai","Tamil Nadu","600096","+918527239816"
"RENAULT MORBI","SANALA ROAD, SANALA ROAD , SARDAR NAGAR , BESIDES REVA PALACE","Morbi","Gujarat","363641","+918448488235"
"RENAULT RAJKOT SOUTH","VAVDI SURVEY NO 3-1, NEW SURVEY NO 42, PLOT NO 4-B, 5,6,7, NEAR MARUTI PERFECT SHOWROOM, GONDAL ROAD","Rajkot","Gujarat","360004","+918448488236"
"RENAULT RAJKOT SOUTH SERVICE","Vavdi Survey No 41-1 Paiki, Gondal-Ahmedabad Bypass Circle, NH-8B, Gondal Road, At- Vavdi","Rajkot","Gujarat","360004","7575008066"
"Renault Mysore Road","Survey No 18/1B (Old No. 18/1C), Pandtrapalya, Nayandahalli Grama, Kengeri Hobli","Bangalore","Karnataka","560038","+918884498995"
"Renault Silk Board","33/445/30/6B, 31/1, RUPENA AGRAHARA, HOSUR ROAD,","Bangalore","Karnataka","560068","+918884498997"
"RENAULT SARJAPUR","SY NO 102-2A, NEW NO 102-3, SULIKUNTE VILLAGE, DOMMASANDRA POST, SARJAPUR ROAD","Bangalore","Karnataka","562125","+918929469884"
"Renault Kanchipuram","No.609, JJ Nagar, Chennai Banglore Highways, Enathur Village,","Kanchipuram","Tamil Nadu","631561","+91 9043032764"
"Renault J P Nagar","# 613/A, 15Th Cross, 33Rd Main, 100 Ft. Ring Road","Bangalore","Karnataka","560078","+918884498996"
"Renault Bareilly","429, Mathurapur Rampur Road,","Bareilly","Uttar Pradesh","243502","+918527239098"
"RENAULT JODHPUR SERVICE","KHASRA NO. 4 , NEAR O.S. MAHINDRA LANE,PALI ROAD","Jodhpur","Rajasthan","342005","9829096720"
"RENAULT SIKAR","NEAR PRINCE ITI COLLEGE, BIKANER BYE-PASS ROAD","Sikar","Rajasthan","332001","+919513910668"
"RENAULT CHIKMAGALUR","NEAR  A I T  CIRCLE , KADUR  BELUR BYPASS ROAD","Chikmagalur","Karnataka","577101","+918448389662"
"RENAULT JODHPUR","7-A HEAVY INDUSTRIAL AREA , ALCOBEX ROAD","Jodhpur","Rajasthan","342001","9829096720"
"RENAULT BULANDSHAHR","CHANDPUR VILLAGE, NEAR MMR MALL, ALIGARH ROAD, BULANDSHAHR 203001","Bulandshahr","Uttar Pradesh","203001","+918527237603"
"RENAULT REWARI","PLOT NO 147, UTTAM NAGAR, DELHI - REWARI ROAD","Rewari","Haryana","123401","+918448389654"
"RENAULT NARNAUL","NEAR HOTEL ANANTA KAILASH NAGAR REWARI ROAD","Narnaul","Haryana","123001","+917428081677"
"Renault Faridabad City","Plot No.3B, New Industrial Area, N.I.T, Main Main Mathura Road,","Faridabad","Haryana","121001","+917290055704"
"Renault Hosur","47-1, Thorapalli, Agraharam, Kumedapalli Village","Hosur","Tamil Nadu","635109","+918527234053"
"Renault Hosur Service","46-A, Thorapalli, Agraharam, Kumedapalli Village","Hosur","Tamil Nadu","635109","+917695077711"
"RENAULT JUNAGADH","OPP TALUKA POLICE STATION NEAR BHESAN CHOWKDI, RAJKOT ROAD SABALPUR","Junagadh","Gujarat","362001","+918448481307"
"Renault Sohna Road","JMD Galleria, Near Subhash Chowk, Sohna Road,","Gurgaon","Haryana","122001","+917290055697"
"Renault Muzaffarpur","N.H. 77, Muzaffarpur Hazipur Road, At. Dariyapur Kafen","Muzaffarpur","Bihar","844127","+918527236570"
"Renault Mathura Road","A-10,B-1,Mohan Co-operative Area, South Delhi","New Delhi","Delhi","110044","+918588845575"
"RENAULT PILIBHIT","Near Naugawan Chauraha, Bareilly-Tanakpur Road","Pilibhit","Uttar Pradesh","262001","+918448488273"
"RENAULT M G ROAD","PLATINA TOWER, SIKANDERPUR, OPPOSITE BRISTOL HOTEL, MG ROAD, SECTOR 28","Gurgaon","Haryana","122001","+917290055701"
"Renault Sukhrali Village","Kila No 9-2, Khewat No 26-27, Village Sukhrali Enclave, Near AKC Chowk","Gurgaon","Haryana","122001","919311992000"
"Renault Atul Kataria Chowk","Atul Kataria Chowk, Old Delhi-Gurgaon Road,","Gurgaon","Haryana","122001","911246900055"
"RENAULT OKHLA","A-231, OKHLA INDUSTRIAL AREA, PHASE-1, NEW DELHI","New Delhi","Delhi","110020","+918448488208"
"Renault Mathura Road Service","A-10, Mohan Co-operative Industrial Estate, Mathura Road,","New Delhi","Haryana","122001","911145877711"
"RENAULT OKHLA SERVICE","B-25, OKHLA INDUSTRIAL AREA, PHASE-1, NEW DELHI","New Delhi","Delhi","110020","9015586498"
"RENAULT HASSAN","SY NO.54-1, DODDAMANDIGANAHALLI, B M ROAD, KANDALI POST, HASSAN - 573217","Hassan","Karnataka","573217","+918929207289"
"Renault Asansol","Chanda More, Bypass, Asansol, P.S-Raniganj, Dist.-Burdwan,","Asansol","West Bengal","713339","+918527238059"
"RENAULT KRISHNAGIRI","2-105, AVADAPATTI VILL, OPP CHILDREN PARK","Krishnagiri","Tamil Nadu","635001","+918448488216"
"Renault Noida","A 79, Sector - 2,","Noida","Uttar Pradesh","201301","+917290055703"
"RENAULT BHIKAJI CAMA","A-2-9, Safdurjung Enclave Africa Avenue, New Delhi","New Delhi","Delhi","110029","+918448488259"
"RENAULT KOSLI","NEAR AXIS BANK, NAHAR ROAD , KOSLI","Kosli","Haryana","123301","+917428081681"
"RENAULT DEOGHAR","JHOUSAGARHI, OPPOSITE DALMIA HOUSE,","Deoghar","Jharkhand","814112","+918929207290"
"RENAULT NOIDA SECTOR 63","H-12, SECTOR 63","Noida","Uttar Pradesh","201307","+918448481308"
"RENAULT NAGAUR","Near Baba Ramdev Hotel, Bikaner Bypass Road","Nagaur","Rajasthan","341001","+917428081668"
"RENAULT JHUNJHUNU","G1, 8-9 H1, 16-17, RIICO INDUSTRIAL AREA","Jhunjhunu","Rajasthan","333001","+917428390251"
"RENAULT RAMPUR","NEAR EXCISE GODOWN, NANITAL ROAD ,DISTRICT RAMPUR - 244901","Rampur","Uttar Pradesh","244901","+918527235092"
"Renault Mayapuri Service","A-10, MAYAPURI INDUSTRIAL AREA, PHASE 2","New Delhi","Delhi","110064","+911146644624"
"Renault Mayapuri","B 88/2, Mayapuri Industrial Area, Phase 1,","New Delhi","Delhi","110064","+917290055700"
"Renault Hapur","Sahara Palace, Opp IOC Petrol Pump, Tirupati Garden and Easyday, Delhi Road","Hapur","Uttar Pradesh","245101","+918527240168"
"RENAULT GHAZIABAD CITY","KHASRA NO - 1336, 1337, MAINPURI INDUSTRIAL AREA, MEERUT ROAD","Ghaziabad","Uttar Pradesh","201001","+918448488204"
"RENAULT RAMA ROAD SERVICE","16- Rama Road, Najafgarh Road Industrial Area","Delhi","Delhi","110015","9999767714"
"RENAULT MOTINAGAR","21, Shivaji Marg, Moti Nagar","Delhi","Delhi","110015","+917428049169"
"RENAULT MORADABAD CITY","Delhi Road (NH24), Majhola,","Moradabad","Uttar Pradesh","244103","+918527237539"
"RENAULT MORADABAD","Zero Point, Rampur Road,","Moradabad","Uttar Pradesh","244001","+918527239643"
"RENAULT GAJRAULA","Plot No. 208, Opposite Hotel Vasant, Delhi-Moradabad Road, Gajraula, Dist.Amroha","Gajraula","Uttar Pradesh","244235","+918448488294"
"RENAULT Delhi North","GI-3, G.T.K Road, Industrial Road, Azadpur","Delhi","Delhi","110033","+917290055698"
"RENAULT UDUPI","SNo 315-5,Shivally Village, Opp L V Temple,Ambagilu","Udupi","Karnataka","576105","+918527234418"
"RENAULT MUNDKA SERVICE","Khasra No 87-3, Village Ghevra, Mundka, Near Vasundhra Vatika","Delhi","Delhi","110041","9999767714"
"Renault Delhi North Service","26, Rajasthani Udyog Nagar Industrial Area, G.T. Karnal Road,","Delhi","Delhi","110033","+911145506606"
"Renault Durgapur","NH-2, Muchipara, Bamunara, LandT More, Beside EPIP Plot, PO-Bidhannagar, PS-Kanksa","Durgapur","West Bengal","713212","+918527238114"
"RENAULT MANDYA","No. 689-479, M C ROAD, KALLAHALLI, MANDYA, KARNATAKA","Mandya","Karnataka","571401","+918527234294"
"RENAULT CHARKHI DADRI","Ward No.18 , Loharu Chowk , Bhiwani Road , Charkhi Dadri","Charkhi Dadri","Haryana","127306","+919582998935"
"RENAULT RUDRAPUR (SERVICE)","P.O. BIGWADA, RUDRAPUR, DISTT- UDHAMSINGH NAGAR","Rudrapur","Uttarakhand","263153","+918192997540"
"Renault Rudrapur","Plot No.15M, Avas Vikar, Nainital Road, Near ICICI Bank, Dist: Udham Singh Nagar","Rudrapur","Uttarakhand","263153","+918527236506"
"Renault Meerut","Mohakampur, Delhi Road,","Meerut","Uttar Pradesh","250002","+918527235793"
"RENAULT JAMNAGAR SERVICE","Plot 14B and 15 Survey 411-415 RS395, Opp Jam Transport Services, Jamnagar Sahkari Udhyognagar, Hapa","Jamnagar","Gujarat","361120","9979887878"
"RENAULT JAMNAGAR","PLOT NO 01, SURVEY NO 392, NR MELDI MATA MANDIR,VILLAGE HAPA","Jamnagar","Gujarat","361120","7428391304"
"Renault Darbhanga","Donar VIP Road,","Darbhanga","Bihar","846004","+918527239766"
"Renault Darbhanga Service","VIP Road, Opposite Holy Cross School,","Darbhanga","Bihar","846004","+917541815640"
"RENAULT MEERUT CITY","Das Building, Abu Lane,","Meerut","Uttar Pradesh","250001","+918448488231"
"RENAULT CHURU","HERO MAHALAXMI KE PASS JAIPUR ROAD CHURU 331001","Churu","Rajasthan","331001","+918448488251"
"RENAULT HEBBAL","Sy No.386, Hebbal Village, Kasaba Hobli, Mysore - 570 016","Mysore","Karnataka","570016","+918214525255"
"RENAULT ROHTAK BS","Opp Sector 1- 2nd Entrance, Delhi By-Pass Road, Vinay Nagar Rohtak , Haryana","Rohtak","Haryana","124001","8607078989"
"Renault Rohtak","Opposite Sector-1, 2nd Entrance, Delhi By-Pass Road,","Rohtak","Haryana","124001","+919643205495"
"RENAULT Mysore","Sy.no.200/1, Hinkal Main Road,","Mysore","Karnataka","570017","+918884498994"
"Renault Sonepat","Kabirpur Bye Pass , Near Sai Mandir,","Sonepat","Haryana","131001","+919643203118"
"Renault Gandhidham","S.No.26/5, Paiki 2, Block A, Near Village Galapar, NH-8A(EXT.)","Gandhidham","Gujarat","370240","+917434851626"
"RENAULT SURI","BY PASS SURI, OPP - FCI GODOWN, SURI, DISTT - BIRBHUM","Suri","West Bengal","731103","+918448488225"
"Renault Haldwani","Bareilly Road, Gora Rarao, District Nainital,","Haldwani","Uttarakhand","263139","+918527239921"
"Renault Bhiwani","Khewat no. 410 Khatoni 526 Khasra No. 188-13-1 and 18-2, Rohtak Road,","Bhiwani","Haryana","127021","+919582804216"
"Renault Kashipur","Near Design Center, Moradabad Road,Kashipur,Distt- Udhamsingh Nagar,","Kashipur","","244173","+918527236511"
"RENAULT MANGALORE","NH-66,Kulur","Mangalore","Karnataka","575013","+918884498990"
"Renault Villupuram","32-1, Old Gingee Road, Villupuram","Villupuram","Tamil Nadu","605602","+91 7338744282"
"Renault Puducherry","R.S. No. 139/2, No. 117, Villipuram Main Road, Mookulam","Puducherry","Pondicherry","605010","+918527235193"
"RENAULT BHAGALPUR SERVICE","RAMAYAN VIHAR COLONY,RANI TALAB,SABOUR ROAD,BHAGALPUR","Bhagalpur","Bihar","813210","7764045786"
"RENAULT BHAGALPUR","GANGOTRI APARTMENT,KACHWA CHOWK,RANI TALAB,SABOUR ROAD BHAGALPUR","Bhagalpur","Bihar","813210","+918448481390"
"RENAULT BIJNOR","2 KM Milestone, Noorpur Road, Bijnor, Uttar Pradesh","Bijnor","Uttar Pradesh","246701","+918448488248"
"Renault Kolkata Central Service","13 BBT Road Mehmanpur Kolkata","Kolkata","West Bengal","700139","+913324900023"
"RENAULT CUDDALORE","103, Imperial Road, Sellankuppam, Cuddalore OT.","Cuddalore","Tamil Nadu","607003","+918527240276"
"Renault Kolkata South","2-3, Judges Court Road,","Kolkata","West Bengal","700027","+918527240132"
"Renault Kolkata Central","225C AJC Bose Road","Kolkata","West Bengal","700020","+918527234972"
"RENAULT Salem","17-B, Meyyanur Road, 3 Roads","Salem","Tamil Nadu","636004","+918527235927"
"Renault Kolkata South Service","7A, Rameshwar Shaw Road,","Kolkata","West Bengal","700014","+913340212700"
"RENAULT Panipat","New Toll Plaza, GT Road","Panipat","Haryana","132103","+919643204841"
"RENAULT HISAR SERVICE","9TH K M STONE, O P JINDAL MARG, HISAR","Hisar","Haryana","125001","+911662220710"
"RENAULT HISAR","SANTRO ENCLAVE, NEAR JEET DHARAM KAANTA, DELHI ROAD, HISAR","Hisar","Haryana","125001","+918929824126"
"RENAULT JIND","Rohtak Road , Bhiwani Bypass Crossing ,Jind-126102","Jind","Haryana","126102","+919582920563"
"RENAULT ALMORA","NEW INDRA COLONY, LOWER MALL ROAD, KHATYARI ,ALMORA","Almora","Uttarakhand","263601","+918929207292"
"RENAULT POKHRAN","NEAR AU SMALL FINANCE BANK LIMITED, FALSUND ROAD, POKHRAN, DISTT JAISALMER","Pokhran","Rajasthan","345021","+917428081670"
"Renault Bhuj","Block A, Plot No.10, Survey No.29-1, Near Laxmi Marble Mirzapar Road, Bhuj Kutch – 370001 Gujarat","Bhuj","Gujarat","370001","+917434851625"
"RENAULT BIKANER","KISHAN BHAWAN, SHRIGANGANAGAR ROAD, NEAR KRISHI UPAJ MANDI","Bikaner","Rajasthan","334001","+919667947373"
"RENAULT BIKANER SERVICE","E-59, Near Laxmi POP Factory, Bichhwal Ind. Area","Bikaner","Rajasthan","334001","9529222222"
"Renault Rajarhat","Plot No-11D, 13-14, Major Arterial Road, Rajarhat","Kolkata","West Bengal","700156","+918527240354"
"RENAULT KANHANGAD","Door No 12-365-A AND B, Near Mathoth Mahavishnu Temple, Kanhangad South","Kanhangad","","670315","+918929207298"
"Renault Barasat","Krishna Nagar Road NH-34 Naopara Mauza Ward No-3, opp Housing complex PS Barasat North 24 Parganas","Barasat","West Bengal","700125","+918527235170"
"Renault Barasat Service","NH-34 MoynagriNawa Pada Near Kalyani Public School, Barasat, North 24 Parganas","Barasat","West Bengal","700125","+919674360600"
"RENAULT KOTDWAR","SHIBU NAGAR , TADIYAL CHOWK, DEVI ROAD, KOTDWAR, UTTARAKHAND","Kotdwar","Uttarakhand","246149","+917428081672"
"RENAULT PAYYNNUR","Door No.16-42-2 , Near Christen  Church, Payannur , Kannur","Payynnur","Kerala","670307","+918448481314"
"Renault Behrampore Service","Village and P.O. Gopegram, NH 34, PS Nabagram, Berhampore, Murshidabad","Behrampore","West Bengal","742187","918945525888"
"RENAULT KRISHNANAGAR","BHATJANGLA, OPPOSITE OF GARI PETROL PUMP, NH-34, KRISHNANAGAR, NADIA","Krishnanagar","West Bengal","741102","+918929207288"
"RENAULT Karnal","118/7 Km Stone, GT Road, NH 1","Karnal","Haryana","132001","+919643205180"
"Renault Behrampore","Jalangi Road (Keshab Nagar), P.O. Cossimbazar, P.S. Berhampore, Murshidabad,","Berhampore","West Bengal","742103","+918527235403"
"Renault Roorkee","7th km Stone, Chak no.108, Vill Belda, NH 58,  Roorkee, District Haridwar,","Roorkee","Uttarakhand","247667","+918527236160"
"Renault Erode","No.23, Pannai Nagar, Perundurai Road,","Erode","Tamil Nadu","638012","+918527240461"
"RENAULT KALPETTA","Door No MPVIII-72A,NH-212,Variyad,Kakkavayal,Kalpetta,Wayanad-673122","Kalpetta","Kerala","673122","+918448488298"
"Renault Perambalur","Min Nagar, Ariyalur Main Road, Thirumangalam P.O","Perambalur","Tamil Nadu","621220","+918527235047"
"RENAULT KAKKAD","Door No 25-1097-1104, Near Kohinoor Plywood, Kakkad Post, Elayavoor, Kannur","Kannur","Kerala","670005","+918111990135"
"Renault Namakkal","Door No 826, Karikalan Complex, Salem Road,","Namakkal","Tamil Nadu","637018","+918527235995"
"Renault Kannur","Survey No .8/4,Thottada, Edakkad Village,","Kannur","Kerala","670007","+918527237859"
"RENAULT PURNEA","NH 31, DAMKA CHOWK, GULAB BAGH, PURNEA","Purnea","Bihar","854326","+918527239833"
"RENAULT SAHARANPUR","SANJAY COLONY, OPP P AND T CENTRE, AMBALA ROAD","Saharanpur","Uttar Pradesh","247001","+918929207328"
"RENAULT SAHARANPUR BP","VILLAGE MEGH CHAPPAR, AMBALA ROAD, SAHARANPUR","Saharanpur","Uttar Pradesh","247001","+916396858002"
"RENAULT MALDA","JADUPUR NH-34, BETWEEN HIGH SCHOOL AND WEIGHT BRIDGE, PO-KAMALABARI, PS-ENGLISHBAZAR, MALDA","Malda","West Bengal","732103","+918448389653"
"RENAULT KAITHAL","NH 65, Ambala Road , Kaithal - 136027","Kaithal","Haryana","136027","+919582963643"
"RENAULT VADAKARA","BUILDING NO 29-134-A1, NH-17 , NEAR ASHA HOSPITAL , NUT STREET POST, VADAKARA, CALICUT","Vadakara","Kerala","673104","+918448389658"
"Renault Kurukshetra","145-146, Sector 2,","Kurukshetra","Haryana","136118","+919643105827"
"RENAULT SIRSA","Hisar Road, Khairpur, Opp Traffic Police Station, Sirsa","Sirsa","Haryana","125055","+918448488266"
"Renault Tiruppur","396-6,Palladam Road,","Tiruppur","Tamil Nadu","641604","+918527238267"
"Renault Karur","SF No.42/1B2, Salem Bye Pass Road,","Karur","Tamil Nadu","639006","+918527235068"
"RENAULT NILAMBUR","Door No IV-746 V AND W, Veliyamthod, Chanthakunnu Post, Nilambur, Malappuram,","Nilambur","Kerala","679329","+918448488264"
"Renault Kumbakonam","11 Bye 12, Yasotha Complex Ammapettai, Dharasuram,","Kumbakonam","Tamil Nadu","612702","+917358805888"
"Renault Yamuna Nagar","Sco 81-82 , Sec-17 , Huda , Yamunanagar-Jagadhari Road , Adjacent To Jagadhari Courts","Yamunanagar","Haryana","135001","+919643204801"
"Renault Yamuna Nagar Service","C 3/499 A, Tejli Gate, Near Matka Chowk, Jagadhari,","Yamuna Nagar","Haryana","132001","+918607073600"
"RENAULT DEHRADUN BP","MOHABBEWALA INDUSTRIAL AREA, DEHRADUN","Dehradun","Uttarakhand","248171","8477005318"
"Renault Avinashi Road Service","439, Kamarajar Road, Ramalakshmi Mills Compound, Peelamedu","Coimbatore","Tamil Nadu","641004",""
"RENAULT Coimbatore","No. 252, Mettupalayam Road","Coimbatore","Tamil Nadu","641043","+918527237136"
"RENAULT Dehradun","1 - C, Tyagi Road,","Dehradun","Uttarakhand","248001","+918527237239"
"Renault Avinashi Road","1187, Avinashi Road,","Coimbatore","Tamil Nadu","641037","+918527235741"
"RENAULT Tiruchirappalli","4-A Birds Road","Tiruchirappalli","Tamil Nadu","620001","+918527239573"
"RENAULT CHEVARAMBALAM","33-3926 AandB,Golf Link Road,Chevayoor post,Chevarambalam,Calicut-673 017","Calicut","Kerala","673017","8111985600"
"RENAULT Calicut","5/3346A, Mavoor Road","Calicut","Kerala","673004","+918527236096"
"Renault Thanjavur","1, Lakshmi Estate, Pudukottai Road,","Thanjavur","Tamil Nadu","613005","+918527239262"
"Renault Thanjavur Service","No.5 & 6, Sidco Industrial Estate, Melavasthachavady,","Thanjavur","Tamil Nadu","613005","+917358077020"
"RENAULT MANJERI","BUILDING NO B-891 X,Y,Z RAJIV GANDI BYPASS ROAD , NEAR MALABAR HOSPITAL , MANJERI-676121","Manjeri","Kerala","676121","+918448488244"
"RENAULT BANSWARA","SR HEIGHT NEAR SAI SUNDAR RESORT, UDAIPUR ROAD","Banswara","Rajasthan","327001","7067321633"
"RENAULT AMBALA","14-15 Kms, Near Ashirwad Restaurant, Ambala-Jagadhri Road, VPO Tepla, District Ambala 133104","Ambala","Haryana","133104","+919582835240"
"Renault Hanumangarh","Green World Market, Opposite Reliance Petrol Pump, Town Junction Road,","Hanumangarh","Rajasthan","335512","+919643315596"
"Renault Malappuram","NH-213, Makkarapara, Angadipuram, Perinthalmanna, Malappuram District","Malappuram","Kerala","683541","+918527232886"
"RENAULT PATIALA","Hira Bagh, Rajpura Road","Patiala","Punjab","147001","+918527239980"
"RENAULT KOTTAKKAL","BUILDING No 28-630,NH -17 , PARAMBILANGADI , CHANGUVETTY , KOTTAKKAL","Kottakkal","Kerala","676503","+918448488265"
"RENAULT PATIALA SERVICE","Rajpura Road","Patiala","Punjab","147001","7087013481"
"RENAULT SANGRUR","Near TIN Factory, Mahelan Road,","Sangrur","Punjab","148001","+918527240118"
"RENAULT PALAKKAD SERVICE","NATIONAL HIGHWAY,NEAR KANNANOOR JUNCTION,MANALUR, PALAKKAD-678701,KERALA","Palakkad","Kerala","678701","+914922274010"
"RENAULT PALAKKAD","TVS Building ,Near Yakkara Bridge , Kadunthuruthy ,Yakkara PO, Palakkad 678 701","Palakkad","Kerala","678701","+918590948612"
"Renault Pollachi","87-4, Palakkad Road,","Pollachi","Tamil Nadu","642001","+918527234038"
"RENAULT PATTAMBI","Door No 15-714,Kavulithodiyil Prasannam Mansion,Perinthalmanna Road,Pattambi,Palakkad-679303","Pattambi","Kerala","679303","+918448488246"
"Renault Balurghat","Near Balurghat Welcome Gate, VILL-RAGHUNATHPUR, PO-BELTALA PARK, SH 512 BALURGHAT, DIST- DAKSHIN DIN","Balurghat","West Bengal","733103","+918945525892"
"Renault Panchkula (B/P)","6, Industrial Estate, Phase-I,","Panchkula","Haryana","134113","911722571833"
"Renault Pudukottai","Kalif Nagar, Thirumayam Road,","Pudukottai","Tamil Nadu","622003","+918527239906"
"RENAULT DINDIGUL","5-730,Karur Road, Seelabadi village, Dindigul - 624004","Dindigul","Tamil Nadu","624004","+918448488207"
"RENAULT TRICITY PANCHKULA","363, Industrial Area, Phase-2,","Panchkula","Haryana","134109","+919582698674"
"RENAULT Chandigarh","47, Industrial Area Phase 1","Chandigarh","Chandigarh","160002","+918527237962"
"RENAULT TRICITY MOHALI","Sco No 97-B To 97-D,Shahi Majra, Sas Nagar","Mohali","Punjab","160055","+918527237243"
"RENAULT BATHINDA","8th Mile Stone, Goniana Road","Bathinda","Punjab","151001","+918527236139"
"Renault Sri Ganganagar","Chak 3 ML, Hanumangarh-Suratgarh Byepass,","Sri Ganganagar","Rajasthan","335001","+919643325891"
"Renault Thrissur","National Highway 47, Ollukara,","Thrissur","Kerala","680655","+918527237784"
"RENAULT SOLAN","SBI BUILDING, RAJGARH ROAD, NEAR THODO GROUND","Solan","Himachal Pradesh","173212","8448389688"
"RENAULT KARAIKUDI","No S 70, 120 Ft Road, Soodamanipuram","Karaikudi","Tamil Nadu","630001","+918448488254"
"RENAULT LUDHIANA SERVICE","GT Road, Pawa, Opposite Balaji Iron Factory","Ludhiana","Punjab","141010","7087013419"
"RENAULT LUDHIANA","279-3 GT Road  Dhandari Kalan, Near Mittal Kanda","Ludhiana","Punjab","141010","+918527234543"
"RENAULT FARIDKOT","KOTKAPURA ROAD, FARIDKOT","Faridkot","Punjab","151203","+918929207299"
"RENAULT LUDHIANA WEST","Near Octoroi Post, Ferozepur Road, Ludhiana 141 001","Ludhiana","Punjab","141001","+918527239971"
"RENAULT MADURAI RING ROAD","Plot No16, Thirumala Tower, 149-2B, Pandi Koil Ring Road, Uthangudi","Madurai","Tamil Nadu","625107","+918448488209"
"RENAULT ANGAMALY","190,Nayathodu Junction, Near Andhyodaya, M C Road, Angamaly 683 572, Ernakulam","Angamaly","Kerala","683572","+918448488277"
"Renault Theni","39, Cumbum Road,","Theni","Tamil Nadu","625531","+918527232870"
"Renault Madurai Service","No. 247-D2, Aruppokottai Main Road, Vellapuram, Avaniapuram","Madurai","Tamil Nadu","625012","+914522670391"
"Renault Madurai","No. 23, SIDCO Industrial Estate, Kappalur","Madurai","Tamil Nadu","625008","+918527239858"
"Renault Muvattupuzha","MC Road, Pulluvazhy, Opp.Rayamangalam Village Office,","Muvattupuzha","Kerala","683541","+918527237673"
"Renault Moga","opp. ITI Collage, GT ROAD,","Moga","Punjab","142001","+916353530109"
"RENAULT THODUPUZHA","Vengallur Thodupuzha – No XXIV-102B, Athickal Arcade,Mangattukavala, Four Lane Byepass, Muthalakodam PO,Thodupuzha 685 584, Idukki","Thodupuzha","Kerala","685584","+918448488275"
"Renault Kochi","TVS Junction, Near Vodofone Building, Kalamasserry,","Cochin","Kerala","682033","+918527237883"
"RENAULT MARADU","Building No XVI-9A, NH Bypass, Nettoor Post, Ernakulam","Cochin","Kerala","682304","+918448488296"
"RENAULT KATTAPPANA","Bypass Rd, Kattappana,Idukki,Kerala 685508, India","Kattappana","Kerala","685508","+918448488245"
"RENAULT GANGTOK","NH 10 NEAR PRINTING PRESS TADONG","Gangtok","Sikkim","737102","+918929469885"
"RENAULT GANGTOK SERVICE","HELIPAD LOWER BURTUK GANGTOK  EAST SIKKIM","Gangtok","Sikkim","737103","9735923396"
"RENAULT JALANDHAR","Gurshish Building,Guru Gobind Singh Avenue,G.T.Road, Bye-Pass,","Jalandhar","Punjab","144001","+918527238042"
"Renault Kottayam","Adichira, M C Road,","Kottayam","Kerala","686016","+918527237819"
"Renault Sivakasi","Arun Thilak Complex, Sattur Road,","Sivakasi","Tamil Nadu","626123","+918527240318"
"RENAULT NATTAKAM","MC Road, Pakkil PO, Nattakom","Kottayam","Kerala","686012","9633444314"
"Renault Alappuzha","NH Bypass , Thiruvambadi Junction","Alappuzha","Kerala","688002","+918527237941"
"Renault Pathanamthitta Service","Kodingalil Complex, Chengannoor Road, Kozhenjeri P.O,","Pathannamthitta","Kerala","689645","+914682210011"
"Renault Pathanamthitta","Kunnathu Building, T.K.Road, St.Peter's Junction, Nannuvakkad,","Pathanamthitta","Kerala","689645","+918527237785"
"RENAULT AMRITSAR","Attari Bye Pass, G.T. Road, Amritsar, 143 001","Amritsar","Punjab","143001","+918527239969"
"Renault Tenkasi","Ganapathy Nagar, Kuthukkalvalasi Panchayat, Madurai Main road,","Tenkasi","Tamil Nadu","627811","+918527240361"
"RENAULT KOTTARAKKARA","KUZHEELAZHIKATHU,KARICKOM,OPP ST MARY'S HARDWARE,KOTTARAKKARA,KOLLAM,691531","Kottarakkara","Kerala","691531","+918448488262"
"Renault Tuticorin","1D/218, Millavitan Main Road, VMS Nagar,","Tuticorin","Tamil Nadu","628002","+918527234986"
"RENAULT KOLLAM","No-KP-11-713-717,Kallumthazham Junction, Via Kollam Kottarakara NH - QS Road, Kilikolloor PO","Kollam","Kerala","691004","+918448481315"
"Renault Tirunelveli","10 D, Trivandrum Road, Palayamkottai,","Tirunelveli","Tamil Nadu","627001","+918527239946"
"RENAULT ALAMCODE","E K HOUSE, ALAMCODE PO,ATTINGAL, TRIVANDRUM","Alamcode","Kerala","695102","+918448488263"
"RENAULT GOALPARA","Near Durga Mandir, Goalpara Road, Agia","Goalpara","Assam","783121","+917428081675"
"Renault Bongaigaon","NH 31, Chapaguri, Near Hotel Himalaya, District-Chirang, BTAD,","Bongaigaon","Assam","783380","+919582290658"
"RENAULT NEDUMANGAD","ABUL COTTAGE, AMBANAD, MANCHA PO, NEDUMANGAD, TRIVANDRUM,","Nedumangad","Kerala","695541","+918448488261"
"RENAULT Trivandrum","SIMIS Square, Near IOC Fuel Station, NH Bye Pass, Muttathara, Vallakkadavu PO","Trivandrum","Kerala","695008","+918527237753"
"Renault Vallioor","NO.310 MAIN ROAD,  VADAKKU VALLIOOR, RADHAPURAM TALUK, TIRUNELVELI DISTRICT,","Vallioor","Tamil Nadu","627117","+917094454502"
"Renault Trivandrum Service","Near Karamana Bridge, Neeramankara, Kaimanom PO,","Trivandrum","Kerala","695040","+914712164243"
"Renault Marthandam","2/69, Devi Campus, Amman Koil Junction, Trivandrum Main Road,","Marthandam","Tamil Nadu","629165","+918527238299"
"Renault Nagercoil","No.314 E/2-1-E, K.P. Road, Parvathipuram,","Nagercoil","Tamil Nadu","629003","+918527240280"
"Renault Nagercoil Service","3-F/1, A.R.Line, Kottar Post,","Nagercoil","Tamil Nadu","629002","+914652264266"
"RENAULT JAMMU","42 - Apna Vihar R-o National Highway, Kunjwani, JAMMU","Jammu","Jammu & Kashmir","180010","+918929207327"
"RENAULT JAMMU SERVICE","Near Heritage School, Sainik Colony, Jammu","Jammu","Jammu & Kashmir","180010","9906077389"
"Renault Shillong","Mawblei, Madanritying, Near State Bank of India,","Shillong","Meghalaya","793021","+918527238315"
"RENAULT NONGPOH","DOWNGATE NONGPO, DIST.RI-BHOI","Nongpoh","Meghalaya","793102","+918448488278"
"RENAULT Guwahati","INTEGRA, Opp.Rahman Hospitals, VIP Road, Six-mile,","Guwahati","Assam","781022","+919582220818"
"RENAULT Guwahati Service","Abhiram Gaonbura Path, near Bonda Anchalik High School, Bonda, Narengi,","Guwahati","Assam","781026","+917399030000"
"Renault Aizawl","J.H.Lianchungnunga Building, Mualpui, Salem Veng,","Aizawl","Mizoram","796012","918527237384"
"Renault Rajouri","KHASRA NO 440 NO 32, KHEWAT NEAR JAMKASH VEHICLEADES,RAJOURI,","Rajouri","Jammu & Kashmir","185132","+919419183846"
"RENAULT NAGAON CITY","AT Road, Hairbargaon","Nagaon","Assam","782002","7428048691"
"RENAULT SRINAGAR SERVICE","NH-1A ,SEMPORA,PANTHA CHOCK-SRINAGAR","Srinagar","Jammu & Kashmir","191101","7006251243"
"RENAULT SRINAGAR","NH-1A ,LASJAN, BYE PASS, NEAR HOTEL SILVER STAR- SRINAGAR","Srinagar","Jammu & Kashmir","191101","+918448488290"
"RENAULT TEZPUR","VILL. SOLABASTI GAON, PO GOROIMARI, PS BALIPARA","Tezpur","Assam","784105","7428048693"
"Renault Imphal Service","NILAKUTHI , IMPHAL EAST","Imphal","Manipur","795002","7085085311"
"Renault Imphal","MANTRIPUKHRI, NEAR ICICI BANK, OPPOSITE MANIPUR DIESEL, PATTA No 55 O 338-355 N, DAG No 553-562","Imphal","Manipur","795002","+918527239720"
"RENAULT GOLAGHAT","MISSION TINIALI,PHG PATH,GOLAGHAT,ASSAM","Golaghat","Assam","785621","+918448488224"
"Renault Itanagar","Lekhi Village, PO/PS: Naharlagun, Dist: Papumpare,","Itanagar","Arunachal Pradesh","791110","+918527238529"
"Renault Jorhat","Padumoni, A.T.Road, NH-37, Near Kutuhaboria Tini Ali,","Jorhat","Assam","785010","+919582190351"
"RENAULT SIVASAGAR","Vill-Batbari Nawjan Gaon, PO Batbari Alimur NH-37, DIST Sivasagar-785640","Sivasagar","Assam","785640","+918448488223"
"Renault Dhemaji","Bharalichuk,Ward no.5, Dist- Dhemaji,","Dhemaji","Assam","787057","+917896005392"
"Renault Port Blair","Phoniex Bay,Prem Nagar Junction, South Andaman,","Port Blair","Andaman & Nicobar","744102","+918527238043"
"Renault Port Blair Service","Opposite to Working Womens Hostel, Dollygunj","Port Blair","Andaman & Nicobar","744103","+913192201148"
"Renault Duliajan","Boragadhoi Gaon, Near Well no. 16 Tiniali, Dist. Dibrugarh","Duliajan","Assam","786602","+917896005392"
"Renault Moran","Near Public High School,Tikhorai Tiniali, Dist. Dibrugarh","Moran","Assam","785675","+917896005392"
"Renault Sonari","Lakhimipam Gaon, Under Sapekathi Mouza, Dist- Charaideo,","Sonari","Assam","782445","+917896005392"
"Renault Dibrugarh","Pashupati Traders, P.N.Road, Chiring Chapori,","Dibrugarh","Assam","786001","+919582158657"
"RENAULT PASIGHAT","2 Miles, Opp. Essar Petrol Pump, Pasighat, Arunachal Pradesh","Pasighat","Arunachal Pradesh","791102","+918929207291"
"Renault Margherita","1No Lazum Block Tiniali,Margherita, Dist.Tinsukia","Margherita","Assam","786181","+917896005392"
